,precision,recall
0.0,0.8706467661691543,0.875
1.0,0.8743718592964824,0.87
accuracy,0.8725,0.8725
macro avg,0.8725093127328183,0.8725
weighted avg,0.8725093127328182,0.8725
